name,modelfile,evidencefile,orderfile,num_evid,width,depth,logSS,num_vars,avg_states,max_states,num_factors,avg_scope,max_scope,sparsity,sparsity_std,values_std,MPE,MPLP,PR,LBP
or_chain_1.fg,or_chain_1.fg.uai,or_chain_1.fg.uai.evid,or_chain_1.fg.uai.ord,9,35,84,10.41,673,2.0,2,673,2.23,3,0.26,0.2,36.97,-11.746042,,-10.758974,
or_chain_10.fg,or_chain_10.fg.uai,or_chain_10.fg.uai.evid,or_chain_10.fg.uai.ord,8,18,47,5.76,461,2.0,2,461,2.18,3,0.25,0.21,35.79,-9.30457,,-8.391455,
or_chain_100.fg,or_chain_100.fg.uai,or_chain_100.fg.uai.evid,or_chain_100.fg.uai.ord,15,61,99,18.09,1125,2.0,2,1125,2.18,3,0.24,0.2,35.43,-17.635458,,,
or_chain_101.fg,or_chain_101.fg.uai,or_chain_101.fg.uai.evid,or_chain_101.fg.uai.ord,14,87,123,25.89,1369,2.0,2,1369,2.15,3,0.23,0.2,34.85,-13.812464,,-19.806874,
or_chain_102.fg,or_chain_102.fg.uai,or_chain_102.fg.uai.evid,or_chain_102.fg.uai.ord,11,32,58,9.55,860,2.0,2,860,2.1,3,0.22,0.2,33.42,-11.246283,,-10.044568,
or_chain_103.fg,or_chain_103.fg.uai,or_chain_103.fg.uai.evid,or_chain_103.fg.uai.ord,11,33,76,10.11,646,2.0,2,646,2.34,3,0.28,0.2,39.76,-6.331911,,,
or_chain_104.fg,or_chain_104.fg.uai,or_chain_104.fg.uai.evid,or_chain_104.fg.uai.ord,13,48,92,14.41,998,2.0,2,998,2.2,3,0.24,0.2,36.11,-11.06543,,,
or_chain_105.fg,or_chain_105.fg.uai,or_chain_105.fg.uai.evid,or_chain_105.fg.uai.ord,11,44,87,13.12,1003,2.0,2,1003,2.21,3,0.25,0.2,36.28,-11.01007,,,
or_chain_106.fg,or_chain_106.fg.uai,or_chain_106.fg.uai.evid,or_chain_106.fg.uai.ord,10,31,69,9.43,695,2.0,2,695,2.18,3,0.24,0.2,35.63,-11.249643,,-10.057799,
or_chain_107.fg,or_chain_107.fg.uai,or_chain_107.fg.uai.evid,or_chain_107.fg.uai.ord,11,33,62,9.72,631,2.0,2,631,2.21,3,0.25,0.2,36.38,-12.062938,,-11.566559,
or_chain_108.fg,or_chain_108.fg.uai,or_chain_108.fg.uai.evid,or_chain_108.fg.uai.ord,14,96,137,28.6,1277,2.0,2,1277,2.33,3,0.26,0.19,39.22,-12.199562,,,
or_chain_109.fg,or_chain_109.fg.uai,or_chain_109.fg.uai.evid,or_chain_109.fg.uai.ord,14,52,88,15.41,1092,2.0,2,1092,2.18,3,0.24,0.2,35.65,-13.775675,,,
or_chain_11.fg,or_chain_11.fg.uai,or_chain_11.fg.uai.evid,or_chain_11.fg.uai.ord,15,93,120,27.69,915,2.0,2,915,2.29,3,0.26,0.2,38.29,-12.762584,,,
or_chain_110.fg,or_chain_110.fg.uai,or_chain_110.fg.uai.evid,or_chain_110.fg.uai.ord,13,97,142,28.9,1176,2.0,2,1176,2.28,3,0.26,0.19,38.11,-11.53599,,,
or_chain_111.fg,or_chain_111.fg.uai,or_chain_111.fg.uai.evid,or_chain_111.fg.uai.ord,4,4,26,2.28,200,2.0,2,200,1.98,3,0.19,0.19,30.29,-6.102327,,-5.861811,
or_chain_112.fg,or_chain_112.fg.uai,or_chain_112.fg.uai.evid,or_chain_112.fg.uai.ord,22,102,154,30.58,1587,2.0,2,1587,2.35,3,0.27,0.19,39.77,,,,
or_chain_113.fg,or_chain_113.fg.uai,or_chain_113.fg.uai.evid,or_chain_113.fg.uai.ord,10,44,85,13.02,1426,2.0,2,1426,2.21,3,0.24,0.19,36.25,-12.542312,,,
or_chain_114.fg,or_chain_114.fg.uai,or_chain_114.fg.uai.evid,or_chain_114.fg.uai.ord,9,39,69,11.51,792,2.0,2,792,2.19,3,0.25,0.21,35.76,-7.295849,,,
or_chain_115.fg,or_chain_115.fg.uai,or_chain_115.fg.uai.evid,or_chain_115.fg.uai.ord,12,53,89,15.73,1068,2.0,2,1068,2.22,3,0.25,0.2,36.41,-9.026771,,,
or_chain_116.fg,or_chain_116.fg.uai,or_chain_116.fg.uai.evid,or_chain_116.fg.uai.ord,14,51,86,15.11,1204,2.0,2,1204,2.12,3,0.23,0.2,34.18,-14.028691,,,
or_chain_117.fg,or_chain_117.fg.uai,or_chain_117.fg.uai.evid,or_chain_117.fg.uai.ord,22,147,220,43.98,2052,2.0,2,2052,2.36,3,0.27,0.19,39.93,-24.538854,,,
or_chain_118.fg,or_chain_118.fg.uai,or_chain_118.fg.uai.evid,or_chain_118.fg.uai.ord,14,54,95,16.02,860,2.0,2,860,2.26,3,0.26,0.2,37.64,-10.030907,,,
or_chain_119.fg,or_chain_119.fg.uai,or_chain_119.fg.uai.evid,or_chain_119.fg.uai.ord,18,45,78,13.57,1050,2.0,2,1050,2.13,3,0.23,0.2,34.25,-19.946604,,,
or_chain_12.fg,or_chain_12.fg.uai,or_chain_12.fg.uai.evid,or_chain_12.fg.uai.ord,11,27,56,8.13,468,2.0,2,468,2.28,3,0.27,0.2,38.65,-12.756879,,-12.227415,
or_chain_120.fg,or_chain_120.fg.uai,or_chain_120.fg.uai.evid,or_chain_120.fg.uai.ord,14,85,129,25.29,1526,2.0,2,1526,2.24,3,0.25,0.19,36.97,,,,
or_chain_121.fg,or_chain_121.fg.uai,or_chain_121.fg.uai.evid,or_chain_121.fg.uai.ord,33,136,168,40.64,1721,2.0,2,1721,2.23,3,0.25,0.19,37.13,,,,
or_chain_123.fg,or_chain_123.fg.uai,or_chain_123.fg.uai.evid,or_chain_123.fg.uai.ord,13,45,84,13.32,867,2.0,2,867,2.26,3,0.26,0.2,37.57,-10.343752,,,
or_chain_124.fg,or_chain_124.fg.uai,or_chain_124.fg.uai.evid,or_chain_124.fg.uai.ord,18,96,143,28.6,1583,2.0,2,1583,2.21,3,0.24,0.19,36.35,,,,
or_chain_125.fg,or_chain_125.fg.uai,or_chain_125.fg.uai.evid,or_chain_125.fg.uai.ord,13,48,82,14.16,828,2.0,2,828,2.22,3,0.25,0.2,36.66,-17.306241,,,
or_chain_126.fg,or_chain_126.fg.uai,or_chain_126.fg.uai.evid,or_chain_126.fg.uai.ord,10,49,88,14.48,998,2.0,2,998,2.23,3,0.25,0.2,36.79,-8.172383,,,
or_chain_127.fg,or_chain_127.fg.uai,or_chain_127.fg.uai.evid,or_chain_127.fg.uai.ord,13,60,99,17.86,1382,2.0,2,1382,2.17,3,0.23,0.2,35.15,,,,
or_chain_128.fg,or_chain_128.fg.uai,or_chain_128.fg.uai.evid,or_chain_128.fg.uai.ord,11,30,69,9.05,648,2.0,2,648,2.24,3,0.26,0.2,37.21,-12.38303,,-10.913407,
or_chain_129.fg,or_chain_129.fg.uai,or_chain_129.fg.uai.evid,or_chain_129.fg.uai.ord,7,21,60,6.24,1005,2.0,2,1005,2.1,3,0.21,0.19,33.29,-10.056673,,-9.417915,
or_chain_13.fg,or_chain_13.fg.uai,or_chain_13.fg.uai.evid,or_chain_13.fg.uai.ord,14,55,95,16.31,977,2.0,2,977,2.25,3,0.26,0.2,37.51,,,,
or_chain_130.fg,or_chain_130.fg.uai,or_chain_130.fg.uai.evid,or_chain_130.fg.uai.ord,9,36,65,10.73,1086,2.0,2,1086,2.1,3,0.22,0.2,33.44,-12.176939,,,
or_chain_131.fg,or_chain_131.fg.uai,or_chain_131.fg.uai.evid,or_chain_131.fg.uai.ord,13,43,79,12.89,898,2.0,2,898,2.29,3,0.25,0.18,38.23,-12.945084,,,
or_chain_132.fg,or_chain_132.fg.uai,or_chain_132.fg.uai.evid,or_chain_132.fg.uai.ord,13,31,76,9.33,723,2.0,2,723,2.17,3,0.24,0.21,35.48,-9.171634,,-8.429516,
or_chain_133.fg,or_chain_133.fg.uai,or_chain_133.fg.uai.evid,or_chain_133.fg.uai.ord,9,25,52,7.6,422,2.0,2,422,2.27,3,0.27,0.21,38.12,-6.898374,,-6.713086,
or_chain_134.fg,or_chain_134.fg.uai,or_chain_134.fg.uai.evid,or_chain_134.fg.uai.ord,14,100,134,29.8,1583,2.0,2,1583,2.21,3,0.24,0.19,36.09,,,,
or_chain_135.fg,or_chain_135.fg.uai,or_chain_135.fg.uai.evid,or_chain_135.fg.uai.ord,22,94,141,28.0,1715,2.0,2,1715,2.29,3,0.25,0.18,38.2,,,,
or_chain_136.fg,or_chain_136.fg.uai,or_chain_136.fg.uai.evid,or_chain_136.fg.uai.ord,9,42,74,12.52,738,2.0,2,738,2.23,3,0.25,0.2,36.91,-12.066449,,,
or_chain_138.fg,or_chain_138.fg.uai,or_chain_138.fg.uai.evid,or_chain_138.fg.uai.ord,11,30,73,8.96,702,2.0,2,702,2.2,3,0.25,0.21,36.16,-10.593581,,-10.051671,
or_chain_139.fg,or_chain_139.fg.uai,or_chain_139.fg.uai.evid,or_chain_139.fg.uai.ord,6,3,214,2.68,614,2.0,2,614,1.99,3,0.19,0.19,30.91,-7.795109,,-7.003859,
or_chain_14.fg,or_chain_14.fg.uai,or_chain_14.fg.uai.evid,or_chain_14.fg.uai.ord,17,120,166,35.83,1641,2.0,2,1641,2.3,3,0.26,0.19,38.42,,,,
or_chain_140.fg,or_chain_140.fg.uai,or_chain_140.fg.uai.evid,or_chain_140.fg.uai.ord,8,33,76,10.05,1268,2.0,2,1268,2.2,3,0.23,0.19,35.82,-6.277311,,-5.543396,
or_chain_141.fg,or_chain_141.fg.uai,or_chain_141.fg.uai.evid,or_chain_141.fg.uai.ord,9,34,71,10.57,685,2.0,2,685,2.3,3,0.27,0.2,38.41,-6.093362,,,
or_chain_142.fg,or_chain_142.fg.uai,or_chain_142.fg.uai.evid,or_chain_142.fg.uai.ord,14,34,74,10.2,631,2.0,2,631,2.28,3,0.27,0.2,38.37,-10.88029,,,
or_chain_143.fg,or_chain_143.fg.uai,or_chain_143.fg.uai.evid,or_chain_143.fg.uai.ord,13,50,97,14.81,860,2.0,2,860,2.24,3,0.25,0.2,37.08,-10.599432,,,
or_chain_144.fg,or_chain_144.fg.uai,or_chain_144.fg.uai.evid,or_chain_144.fg.uai.ord,19,106,157,31.61,1493,2.0,2,1493,2.25,3,0.25,0.19,37.21,,,,
or_chain_145.fg,or_chain_145.fg.uai,or_chain_145.fg.uai.evid,or_chain_145.fg.uai.ord,16,102,155,30.4,1665,2.0,2,1665,2.24,3,0.25,0.19,37.07,,,,
or_chain_146.fg,or_chain_146.fg.uai,or_chain_146.fg.uai.evid,or_chain_146.fg.uai.ord,17,144,189,43.06,1716,2.0,2,1716,2.26,3,0.25,0.19,37.39,,,,
or_chain_147.fg,or_chain_147.fg.uai,or_chain_147.fg.uai.evid,or_chain_147.fg.uai.ord,5,19,44,5.56,410,2.0,2,410,2.13,3,0.25,0.22,34.49,-8.454637,,-8.135758,
or_chain_148.fg,or_chain_148.fg.uai,or_chain_148.fg.uai.evid,or_chain_148.fg.uai.ord,7,17,43,5.28,463,2.0,2,463,2.1,3,0.24,0.22,33.75,-8.634556,,-8.131519,
or_chain_149.fg,or_chain_149.fg.uai,or_chain_149.fg.uai.evid,or_chain_149.fg.uai.ord,10,28,72,8.72,629,2.0,2,629,2.2,3,0.25,0.21,36.08,-8.863717,,-8.604879,
or_chain_15.fg,or_chain_15.fg.uai,or_chain_15.fg.uai.evid,or_chain_15.fg.uai.ord,11,33,66,9.92,656,2.0,2,656,2.16,3,0.24,0.21,35.13,-12.41735,,-11.846379,
or_chain_150.fg,or_chain_150.fg.uai,or_chain_150.fg.uai.evid,or_chain_150.fg.uai.ord,6,30,70,9.19,928,2.0,2,928,2.15,3,0.24,0.21,34.77,-7.536269,,-7.246417,
or_chain_151.fg,or_chain_151.fg.uai,or_chain_151.fg.uai.evid,or_chain_151.fg.uai.ord,16,117,167,34.92,1927,2.0,2,1927,2.32,3,0.26,0.19,38.94,,,,
or_chain_152.fg,or_chain_152.fg.uai,or_chain_152.fg.uai.evid,or_chain_152.fg.uai.ord,8,4,39,2.65,434,2.0,2,434,1.99,3,0.2,0.19,30.93,-10.97786,,-10.151648,
or_chain_153.fg,or_chain_153.fg.uai,or_chain_153.fg.uai.evid,or_chain_153.fg.uai.ord,9,28,64,8.4,710,2.0,2,710,2.2,3,0.25,0.2,36.05,-9.306597,,-8.69248,
or_chain_154.fg,or_chain_154.fg.uai,or_chain_154.fg.uai.evid,or_chain_154.fg.uai.ord,1,2,111,2.49,390,2.0,2,390,1.99,3,0.21,0.21,30.38,-1.547059,,-1.191032,
or_chain_155.fg,or_chain_155.fg.uai,or_chain_155.fg.uai.evid,or_chain_155.fg.uai.ord,11,31,60,9.24,542,2.0,2,542,2.19,3,0.26,0.21,36.05,-10.515404,,-9.949829,
or_chain_156.fg,or_chain_156.fg.uai,or_chain_156.fg.uai.evid,or_chain_156.fg.uai.ord,13,46,87,13.64,742,2.0,2,741,2.28,3,0.26,0.2,38.2,-11.968316,,,
or_chain_157.fg,or_chain_157.fg.uai,or_chain_157.fg.uai.evid,or_chain_157.fg.uai.ord,13,55,95,16.33,1147,2.0,2,1147,2.16,3,0.23,0.2,35.09,,,,
or_chain_158.fg,or_chain_158.fg.uai,or_chain_158.fg.uai.evid,or_chain_158.fg.uai.ord,9,34,58,10.12,527,2.0,2,527,2.2,3,0.23,0.19,35.72,-9.920734,,,
or_chain_159.fg,or_chain_159.fg.uai,or_chain_159.fg.uai.evid,or_chain_159.fg.uai.ord,15,34,78,10.26,1229,2.0,2,1229,2.17,3,0.22,0.19,35.18,-17.930496,,,
or_chain_16.fg,or_chain_16.fg.uai,or_chain_16.fg.uai.evid,or_chain_16.fg.uai.ord,25,108,174,32.26,1700,2.0,2,1700,2.33,3,0.27,0.19,39.35,,,,
or_chain_160.fg,or_chain_160.fg.uai,or_chain_160.fg.uai.evid,or_chain_160.fg.uai.ord,11,50,103,14.87,1049,2.0,2,1049,2.25,3,0.25,0.2,37.09,-10.216744,,,
or_chain_161.fg,or_chain_161.fg.uai,or_chain_161.fg.uai.evid,or_chain_161.fg.uai.ord,8,29,66,8.86,794,2.0,2,794,2.21,3,0.25,0.2,36.23,-10.555197,,-9.239758,
or_chain_162.fg,or_chain_162.fg.uai,or_chain_162.fg.uai.evid,or_chain_162.fg.uai.ord,14,87,118,25.89,1276,2.0,2,1276,2.18,3,0.24,0.2,35.65,,,,
or_chain_163.fg,or_chain_163.fg.uai,or_chain_163.fg.uai.evid,or_chain_163.fg.uai.ord,16,43,89,13.01,1044,2.0,2,1044,2.2,3,0.24,0.2,36.17,-19.604371,,,
or_chain_164.fg,or_chain_164.fg.uai,or_chain_164.fg.uai.evid,or_chain_164.fg.uai.ord,15,86,127,25.59,1506,2.0,2,1506,2.2,3,0.23,0.19,35.85,,,,
or_chain_165.fg,or_chain_165.fg.uai,or_chain_165.fg.uai.evid,or_chain_165.fg.uai.ord,13,6,32,2.77,306,2.0,2,306,2.01,3,0.21,0.19,32.26,-23.341555,,-21.799485,
or_chain_166.fg,or_chain_166.fg.uai,or_chain_166.fg.uai.evid,or_chain_166.fg.uai.ord,18,98,147,29.21,1702,2.0,2,1702,2.24,3,0.25,0.19,37.12,,,,
or_chain_167.fg,or_chain_167.fg.uai,or_chain_167.fg.uai.evid,or_chain_167.fg.uai.ord,22,60,114,17.86,1299,2.0,2,1299,2.24,3,0.25,0.19,37.12,,,,
or_chain_168.fg,or_chain_168.fg.uai,or_chain_168.fg.uai.evid,or_chain_168.fg.uai.ord,2,12,41,4.17,466,2.0,2,466,2.15,3,0.25,0.22,34.73,-2.651089,,-1.79979,
or_chain_169.fg,or_chain_169.fg.uai,or_chain_169.fg.uai.evid,or_chain_169.fg.uai.ord,14,47,83,13.91,1163,2.0,2,1163,2.16,3,0.23,0.2,35.24,-10.324254,,,
or_chain_17.fg,or_chain_17.fg.uai,or_chain_17.fg.uai.evid,or_chain_17.fg.uai.ord,3,20,46,6.04,534,2.0,2,534,2.16,3,0.25,0.22,35.09,-4.121582,,-3.164624,
or_chain_170.fg,or_chain_170.fg.uai,or_chain_170.fg.uai.evid,or_chain_170.fg.uai.ord,25,103,145,30.71,1255,2.0,2,1255,2.23,3,0.25,0.2,37.09,,,,
or_chain_172.fg,or_chain_172.fg.uai,or_chain_172.fg.uai.evid,or_chain_172.fg.uai.ord,11,38,82,11.47,750,2.0,2,750,2.27,3,0.26,0.2,37.85,-7.500451,,,
or_chain_173.fg,or_chain_173.fg.uai,or_chain_173.fg.uai.evid,or_chain_173.fg.uai.ord,12,48,82,14.16,1342,2.0,2,1342,2.13,3,0.23,0.2,34.22,-14.524897,,,
or_chain_174.fg,or_chain_174.fg.uai,or_chain_174.fg.uai.evid,or_chain_174.fg.uai.ord,32,101,136,30.1,1315,2.0,2,1314,2.23,3,0.25,0.2,37.18,,,,
or_chain_175.fg,or_chain_175.fg.uai,or_chain_175.fg.uai.evid,or_chain_175.fg.uai.ord,1,2,108,2.48,382,2.0,2,382,1.99,3,0.21,0.21,30.4,-1.539176,,-1.272289,
or_chain_176.fg,or_chain_176.fg.uai,or_chain_176.fg.uai.evid,or_chain_176.fg.uai.ord,2,9,40,3.31,511,2.0,2,511,2.04,3,0.21,0.21,31.65,-3.036653,,-2.201931,
or_chain_177.fg,or_chain_177.fg.uai,or_chain_177.fg.uai.evid,or_chain_177.fg.uai.ord,13,53,105,15.9,1239,2.0,2,1239,2.19,3,0.24,0.2,35.87,-17.588162,,,
or_chain_178.fg,or_chain_178.fg.uai,or_chain_178.fg.uai.evid,or_chain_178.fg.uai.ord,9,41,97,12.42,1021,2.0,2,1021,2.25,3,0.25,0.2,37.31,-11.255544,,,
or_chain_179.fg,or_chain_179.fg.uai,or_chain_179.fg.uai.evid,or_chain_179.fg.uai.ord,13,87,114,25.89,1245,2.0,2,1245,2.25,3,0.25,0.2,37.14,,,,
or_chain_18.fg,or_chain_18.fg.uai,or_chain_18.fg.uai.evid,or_chain_18.fg.uai.ord,4,10,57,3.53,894,2.0,2,894,2.09,3,0.22,0.2,33.07,-4.985722,,-4.507028,
or_chain_180.fg,or_chain_180.fg.uai,or_chain_180.fg.uai.evid,or_chain_180.fg.uai.ord,2,5,62,2.62,378,2.0,2,378,2.01,3,0.19,0.19,30.74,-3.060738,,-2.808656,
or_chain_181.fg,or_chain_181.fg.uai,or_chain_181.fg.uai.evid,or_chain_181.fg.uai.ord,15,49,88,14.57,730,2.0,2,730,2.25,3,0.26,0.2,37.54,-15.008262,,,
or_chain_182.fg,or_chain_182.fg.uai,or_chain_182.fg.uai.evid,or_chain_182.fg.uai.ord,3,19,39,5.69,415,2.0,2,415,2.15,3,0.25,0.22,34.71,-3.760456,,-3.079961,
or_chain_183.fg,or_chain_183.fg.uai,or_chain_183.fg.uai.evid,or_chain_183.fg.uai.ord,24,130,186,38.85,1988,2.0,2,1988,2.28,3,0.25,0.19,38.13,,,,
or_chain_185.fg,or_chain_185.fg.uai,or_chain_185.fg.uai.evid,or_chain_185.fg.uai.ord,21,98,146,29.21,1525,2.0,2,1525,2.19,3,0.24,0.2,35.99,,,,
or_chain_186.fg,or_chain_186.fg.uai,or_chain_186.fg.uai.evid,or_chain_186.fg.uai.ord,7,29,62,8.74,1076,2.0,2,1076,2.1,3,0.22,0.2,33.5,-10.036466,,-9.465061,
or_chain_187.fg,or_chain_187.fg.uai,or_chain_187.fg.uai.evid,or_chain_187.fg.uai.ord,15,114,162,34.07,1668,2.0,2,1668,2.26,3,0.25,0.19,37.46,,,,
or_chain_188.fg,or_chain_188.fg.uai,or_chain_188.fg.uai.evid,or_chain_188.fg.uai.ord,11,27,56,8.14,1061,2.0,2,1061,2.08,3,0.21,0.19,32.74,-13.394724,,-12.312381,
or_chain_189.fg,or_chain_189.fg.uai,or_chain_189.fg.uai.evid,or_chain_189.fg.uai.ord,9,37,68,11.02,768,2.0,2,768,2.15,3,0.24,0.2,34.56,-10.009204,,,
or_chain_19.fg,or_chain_19.fg.uai,or_chain_19.fg.uai.evid,or_chain_19.fg.uai.ord,15,58,105,17.27,950,2.0,2,950,2.27,3,0.26,0.2,37.74,,,,
or_chain_190.fg,or_chain_190.fg.uai,or_chain_190.fg.uai.evid,or_chain_190.fg.uai.ord,15,39,73,11.55,1022,2.0,2,1022,2.1,3,0.22,0.2,33.54,-18.940748,,,
or_chain_191.fg,or_chain_191.fg.uai,or_chain_191.fg.uai.evid,or_chain_191.fg.uai.ord,12,42,91,12.6,938,2.0,2,938,2.24,3,0.25,0.2,37.2,-8.995057,,,
or_chain_192.fg,or_chain_192.fg.uai,or_chain_192.fg.uai.evid,or_chain_192.fg.uai.ord,13,53,106,15.85,1031,2.0,2,1031,2.21,3,0.25,0.2,36.49,-13.889532,,,
or_chain_193.fg,or_chain_193.fg.uai,or_chain_193.fg.uai.evid,or_chain_193.fg.uai.ord,11,44,78,12.98,691,2.0,2,691,2.27,3,0.26,0.2,37.79,-8.389094,,,
or_chain_195.fg,or_chain_195.fg.uai,or_chain_195.fg.uai.evid,or_chain_195.fg.uai.ord,16,96,132,28.6,1083,2.0,2,1083,2.28,3,0.26,0.19,38.05,,,,
or_chain_196.fg,or_chain_196.fg.uai,or_chain_196.fg.uai.evid,or_chain_196.fg.uai.ord,25,100,136,29.83,1270,2.0,2,1270,2.28,3,0.26,0.19,38.55,,,,
or_chain_197.fg,or_chain_197.fg.uai,or_chain_197.fg.uai.evid,or_chain_197.fg.uai.ord,1,2,111,2.49,390,2.0,2,390,1.99,3,0.21,0.21,30.38,-1.546746,,-1.19331,
or_chain_198.fg,or_chain_198.fg.uai,or_chain_198.fg.uai.evid,or_chain_198.fg.uai.ord,9,32,82,9.69,639,2.0,2,639,2.26,3,0.26,0.2,37.54,-4.665399,,-4.297903,
or_chain_199.fg,or_chain_199.fg.uai,or_chain_199.fg.uai.evid,or_chain_199.fg.uai.ord,9,38,78,11.45,926,2.0,2,926,2.17,3,0.23,0.2,35.22,-12.801987,,,
or_chain_2.fg,or_chain_2.fg.uai,or_chain_2.fg.uai.evid,or_chain_2.fg.uai.ord,11,49,95,14.5,1014,2.0,2,1014,2.21,3,0.25,0.2,36.34,-11.868955,,,
or_chain_20.fg,or_chain_20.fg.uai,or_chain_20.fg.uai.evid,or_chain_20.fg.uai.ord,27,130,186,38.84,1778,2.0,2,1778,2.31,3,0.26,0.19,38.86,,,,
or_chain_200.fg,or_chain_200.fg.uai,or_chain_200.fg.uai.evid,or_chain_200.fg.uai.ord,20,88,125,26.19,1509,2.0,2,1509,2.16,3,0.24,0.2,35.27,,,,
or_chain_201.fg,or_chain_201.fg.uai,or_chain_201.fg.uai.evid,or_chain_201.fg.uai.ord,2,13,42,4.23,467,2.0,2,467,2.15,3,0.26,0.22,34.78,-2.649929,,-1.74295,
or_chain_202.fg,or_chain_202.fg.uai,or_chain_202.fg.uai.evid,or_chain_202.fg.uai.ord,16,84,117,24.99,1154,2.0,2,1154,2.26,3,0.26,0.2,37.7,,,,
or_chain_203.fg,or_chain_203.fg.uai,or_chain_203.fg.uai.evid,or_chain_203.fg.uai.ord,1,2,106,2.48,384,2.0,2,384,1.99,3,0.21,0.21,30.39,-1.540506,,-1.251894,
or_chain_204.fg,or_chain_204.fg.uai,or_chain_204.fg.uai.evid,or_chain_204.fg.uai.ord,12,35,76,10.55,655,2.0,2,655,2.24,3,0.26,0.2,37.44,-15.553929,,,
or_chain_206.fg,or_chain_206.fg.uai,or_chain_206.fg.uai.evid,or_chain_206.fg.uai.ord,13,34,82,10.48,731,2.0,2,731,2.26,3,0.26,0.2,37.78,-11.085271,,,
or_chain_207.fg,or_chain_207.fg.uai,or_chain_207.fg.uai.evid,or_chain_207.fg.uai.ord,18,110,160,32.84,1454,2.0,2,1454,2.33,3,0.26,0.19,39.26,,,,
or_chain_208.fg,or_chain_208.fg.uai,or_chain_208.fg.uai.evid,or_chain_208.fg.uai.ord,14,48,87,14.2,811,2.0,2,811,2.24,3,0.26,0.2,37.11,-14.013809,,,
or_chain_209.fg,or_chain_209.fg.uai,or_chain_209.fg.uai.evid,or_chain_209.fg.uai.ord,10,29,70,8.68,859,2.0,2,859,2.15,3,0.24,0.2,34.87,-12.294454,,-11.463453,
or_chain_21.fg,or_chain_21.fg.uai,or_chain_21.fg.uai.evid,or_chain_21.fg.uai.ord,23,98,134,29.2,1401,2.0,2,1401,2.21,3,0.24,0.2,36.46,,,,
or_chain_210.fg,or_chain_210.fg.uai,or_chain_210.fg.uai.evid,or_chain_210.fg.uai.ord,13,99,145,29.5,1375,2.0,2,1375,2.18,3,0.24,0.2,35.57,,,,
or_chain_211.fg,or_chain_211.fg.uai,or_chain_211.fg.uai.evid,or_chain_211.fg.uai.ord,11,34,72,10.21,725,2.0,2,725,2.21,3,0.25,0.2,36.28,-10.392104,,,
or_chain_212.fg,or_chain_212.fg.uai,or_chain_212.fg.uai.evid,or_chain_212.fg.uai.ord,9,38,79,11.46,782,2.0,2,782,2.2,3,0.25,0.2,35.97,-12.715439,,,
or_chain_213.fg,or_chain_213.fg.uai,or_chain_213.fg.uai.evid,or_chain_213.fg.uai.ord,17,44,78,13.19,866,2.0,2,866,2.16,3,0.24,0.2,35.22,-19.308192,,,
or_chain_214.fg,or_chain_214.fg.uai,or_chain_214.fg.uai.evid,or_chain_214.fg.uai.ord,13,26,65,7.88,1109,2.0,2,1109,2.09,3,0.21,0.19,33.22,-15.527817,,-14.96571,
or_chain_215.fg,or_chain_215.fg.uai,or_chain_215.fg.uai.evid,or_chain_215.fg.uai.ord,14,101,157,30.13,1604,2.0,2,1604,2.23,3,0.24,0.19,36.77,,,,
or_chain_216.fg,or_chain_216.fg.uai,or_chain_216.fg.uai.evid,or_chain_216.fg.uai.ord,19,100,146,29.8,1564,2.0,2,1564,2.23,3,0.24,0.19,36.83,,,,
or_chain_217.fg,or_chain_217.fg.uai,or_chain_217.fg.uai.evid,or_chain_217.fg.uai.ord,17,55,92,16.4,1339,2.0,2,1339,2.2,3,0.24,0.2,36.19,,,,
or_chain_218.fg,or_chain_218.fg.uai,or_chain_218.fg.uai.evid,or_chain_218.fg.uai.ord,1,2,9,1.27,26,2.0,2,26,1.89,3,0.18,0.19,28.41,-1.524639,,-1.490036,
or_chain_219.fg,or_chain_219.fg.uai,or_chain_219.fg.uai.evid,or_chain_219.fg.uai.ord,16,84,123,25.01,1325,2.0,2,1325,2.21,3,0.24,0.2,36.2,,,,
or_chain_22.fg,or_chain_22.fg.uai,or_chain_22.fg.uai.evid,or_chain_22.fg.uai.ord,10,58,100,17.33,1054,2.0,2,1054,2.27,3,0.26,0.2,37.68,,,,
or_chain_220.fg,or_chain_220.fg.uai,or_chain_220.fg.uai.evid,or_chain_220.fg.uai.ord,7,26,57,7.78,612,2.0,2,612,2.21,3,0.25,0.2,36.5,-11.19236,,-10.328469,
or_chain_221.fg,or_chain_221.fg.uai,or_chain_221.fg.uai.evid,or_chain_221.fg.uai.ord,8,55,93,16.27,1154,2.0,2,1154,2.14,3,0.23,0.2,34.58,-9.147285,,,
or_chain_222.fg,or_chain_222.fg.uai,or_chain_222.fg.uai.evid,or_chain_222.fg.uai.ord,16,85,122,25.34,909,2.0,2,909,2.31,3,0.27,0.19,39.02,,,,
or_chain_223.fg,or_chain_223.fg.uai,or_chain_223.fg.uai.evid,or_chain_223.fg.uai.ord,8,53,95,16.05,988,2.0,2,988,2.26,3,0.25,0.19,37.4,-8.340788,,,
or_chain_224.fg,or_chain_224.fg.uai,or_chain_224.fg.uai.evid,or_chain_224.fg.uai.ord,14,132,180,39.44,1638,2.0,2,1638,2.31,3,0.26,0.19,38.65,,,,
or_chain_225.fg,or_chain_225.fg.uai,or_chain_225.fg.uai.evid,or_chain_225.fg.uai.ord,2,13,42,4.23,467,2.0,2,467,2.15,3,0.26,0.22,34.78,-2.650242,,-1.742701,
or_chain_226.fg,or_chain_226.fg.uai,or_chain_226.fg.uai.evid,or_chain_226.fg.uai.ord,13,48,94,14.55,748,2.0,2,748,2.3,3,0.27,0.2,38.67,-9.085503,,,
or_chain_227.fg,or_chain_227.fg.uai,or_chain_227.fg.uai.evid,or_chain_227.fg.uai.ord,10,35,79,10.59,1180,2.0,2,1180,2.11,3,0.22,0.2,33.63,-8.880925,,,
or_chain_228.fg,or_chain_228.fg.uai,or_chain_228.fg.uai.evid,or_chain_228.fg.uai.ord,29,131,182,39.13,1665,2.0,2,1665,2.28,3,0.26,0.19,38.21,,,,
or_chain_229.fg,or_chain_229.fg.uai,or_chain_229.fg.uai.evid,or_chain_229.fg.uai.ord,13,50,93,14.93,1246,2.0,2,1246,2.12,3,0.23,0.2,34.14,-15.700859,,,
or_chain_23.fg,or_chain_23.fg.uai,or_chain_23.fg.uai.evid,or_chain_23.fg.uai.ord,14,102,149,30.4,1546,2.0,2,1546,2.23,3,0.24,0.19,36.74,,,,
or_chain_230.fg,or_chain_230.fg.uai,or_chain_230.fg.uai.evid,or_chain_230.fg.uai.ord,18,89,118,26.49,1356,2.0,2,1356,2.22,3,0.24,0.2,36.56,,,,
or_chain_231.fg,or_chain_231.fg.uai,or_chain_231.fg.uai.evid,or_chain_231.fg.uai.ord,25,126,177,37.63,1832,2.0,2,1832,2.27,3,0.25,0.19,37.84,,,,
or_chain_233.fg,or_chain_233.fg.uai,or_chain_233.fg.uai.evid,or_chain_233.fg.uai.ord,24,56,93,17.1,1139,2.0,2,1139,2.24,3,0.25,0.19,37.64,,,,
or_chain_234.fg,or_chain_234.fg.uai,or_chain_234.fg.uai.evid,or_chain_234.fg.uai.ord,17,102,133,30.4,1131,2.0,2,1131,2.24,3,0.25,0.2,37.13,,,,
or_chain_235.fg,or_chain_235.fg.uai,or_chain_235.fg.uai.evid,or_chain_235.fg.uai.ord,14,45,88,13.52,1292,2.0,2,1292,2.14,3,0.23,0.2,34.66,-10.953259,,,
or_chain_236.fg,or_chain_236.fg.uai,or_chain_236.fg.uai.evid,or_chain_236.fg.uai.ord,4,21,49,6.47,1039,2.0,2,1039,2.08,3,0.22,0.2,32.92,-4.564983,,-4.171101,
or_chain_237.fg,or_chain_237.fg.uai,or_chain_237.fg.uai.evid,or_chain_237.fg.uai.ord,10,40,90,11.97,688,2.0,2,688,2.3,3,0.27,0.2,38.57,-7.61713,,,
or_chain_238.fg,or_chain_238.fg.uai,or_chain_238.fg.uai.evid,or_chain_238.fg.uai.ord,21,45,80,13.26,1093,2.0,2,1093,2.14,3,0.23,0.2,34.77,-22.794958,,,
or_chain_239.fg,or_chain_239.fg.uai,or_chain_239.fg.uai.evid,or_chain_239.fg.uai.ord,15,51,98,15.24,1214,2.0,2,1214,2.18,3,0.24,0.2,35.76,-15.908108,,,
or_chain_24.fg,or_chain_24.fg.uai,or_chain_24.fg.uai.evid,or_chain_24.fg.uai.ord,16,109,147,32.51,1171,2.0,2,1171,2.29,3,0.26,0.19,38.24,,,,
or_chain_240.fg,or_chain_240.fg.uai,or_chain_240.fg.uai.evid,or_chain_240.fg.uai.ord,13,46,79,13.6,1053,2.0,2,1053,2.17,3,0.24,0.2,35.25,-13.45788,,,
or_chain_242.fg,or_chain_242.fg.uai,or_chain_242.fg.uai.evid,or_chain_242.fg.uai.ord,10,31,62,9.39,613,2.0,2,613,2.3,3,0.27,0.2,38.69,-6.014154,,-5.352411,
or_chain_243.fg,or_chain_243.fg.uai,or_chain_243.fg.uai.evid,or_chain_243.fg.uai.ord,13,50,82,14.85,738,2.0,2,738,2.28,3,0.26,0.2,38.1,-11.481621,,,
or_chain_244.fg,or_chain_244.fg.uai,or_chain_244.fg.uai.evid,or_chain_244.fg.uai.ord,15,87,146,25.94,1437,2.0,2,1437,2.19,3,0.24,0.2,35.68,,,,
or_chain_245.fg,or_chain_245.fg.uai,or_chain_245.fg.uai.evid,or_chain_245.fg.uai.ord,18,86,125,25.59,1102,2.0,2,1102,2.27,3,0.26,0.2,37.91,,,,
or_chain_246.fg,or_chain_246.fg.uai,or_chain_246.fg.uai.evid,or_chain_246.fg.uai.ord,13,42,82,12.59,830,2.0,2,830,2.21,3,0.25,0.2,36.24,-13.662108,,,
or_chain_247.fg,or_chain_247.fg.uai,or_chain_247.fg.uai.evid,or_chain_247.fg.uai.ord,5,22,58,6.83,668,2.0,2,668,2.22,3,0.25,0.21,36.3,-5.927975,,-4.982351,
or_chain_248.fg,or_chain_248.fg.uai,or_chain_248.fg.uai.evid,or_chain_248.fg.uai.ord,8,27,61,7.91,699,2.0,2,699,2.17,3,0.24,0.2,35.26,-12.163984,,-11.548504,
or_chain_249.fg,or_chain_249.fg.uai,or_chain_249.fg.uai.evid,or_chain_249.fg.uai.ord,13,53,95,15.78,751,2.0,2,751,2.27,3,0.26,0.2,37.88,-13.661819,,,
or_chain_25.fg,or_chain_25.fg.uai,or_chain_25.fg.uai.evid,or_chain_25.fg.uai.ord,11,48,84,14.45,1086,2.0,2,1086,2.21,3,0.23,0.19,36.22,-12.080001,,,
or_chain_26.fg,or_chain_26.fg.uai,or_chain_26.fg.uai.evid,or_chain_26.fg.uai.ord,21,114,142,34.02,1329,2.0,2,1329,2.32,3,0.27,0.19,39.23,,,,
or_chain_27.fg,or_chain_27.fg.uai,or_chain_27.fg.uai.evid,or_chain_27.fg.uai.ord,11,53,90,15.73,1229,2.0,2,1229,2.16,3,0.23,0.2,35.09,-12.369348,,,
or_chain_28.fg,or_chain_28.fg.uai,or_chain_28.fg.uai.evid,or_chain_28.fg.uai.ord,17,43,81,12.91,832,2.0,2,832,2.3,3,0.27,0.19,38.86,-13.409461,,,
or_chain_29.fg,or_chain_29.fg.uai,or_chain_29.fg.uai.evid,or_chain_29.fg.uai.ord,10,26,56,7.85,553,2.0,2,553,2.22,3,0.26,0.21,36.74,-12.933442,,-11.925243,
or_chain_3.fg,or_chain_3.fg.uai,or_chain_3.fg.uai.evid,or_chain_3.fg.uai.ord,25,144,186,43.05,1809,2.0,2,1809,2.28,3,0.25,0.19,38.06,,,,
or_chain_30.fg,or_chain_30.fg.uai,or_chain_30.fg.uai.evid,or_chain_30.fg.uai.ord,9,59,101,17.48,1172,2.0,2,1172,2.22,3,0.24,0.2,36.28,,,,
or_chain_31.fg,or_chain_31.fg.uai,or_chain_31.fg.uai.evid,or_chain_31.fg.uai.ord,22,165,205,49.37,1974,2.0,2,1974,2.32,3,0.26,0.19,39.01,,,,
or_chain_32.fg,or_chain_32.fg.uai,or_chain_32.fg.uai.evid,or_chain_32.fg.uai.ord,12,102,140,30.4,1478,2.0,2,1478,2.23,3,0.24,0.19,36.67,,,,
or_chain_33.fg,or_chain_33.fg.uai,or_chain_33.fg.uai.evid,or_chain_33.fg.uai.ord,15,49,85,14.84,814,2.0,2,814,2.24,3,0.26,0.2,37.32,-9.985457,,,
or_chain_34.fg,or_chain_34.fg.uai,or_chain_34.fg.uai.evid,or_chain_34.fg.uai.ord,14,44,94,13.12,923,2.0,2,923,2.22,3,0.25,0.2,36.72,-10.438273,,,
or_chain_35.fg,or_chain_35.fg.uai,or_chain_35.fg.uai.evid,or_chain_35.fg.uai.ord,12,45,91,13.61,1197,2.0,2,1197,2.16,3,0.23,0.2,34.94,-13.351838,,,
or_chain_36.fg,or_chain_36.fg.uai,or_chain_36.fg.uai.evid,or_chain_36.fg.uai.ord,10,45,89,13.43,943,2.0,2,943,2.24,3,0.25,0.2,36.96,-9.678987,,,
or_chain_37.fg,or_chain_37.fg.uai,or_chain_37.fg.uai.evid,or_chain_37.fg.uai.ord,7,46,88,13.65,1270,2.0,2,1270,2.17,3,0.23,0.2,35.03,-7.31653,,,
or_chain_38.fg,or_chain_38.fg.uai,or_chain_38.fg.uai.evid,or_chain_38.fg.uai.ord,9,24,45,7.13,414,2.0,2,414,2.26,3,0.27,0.21,37.91,-8.064312,,-7.505716,
or_chain_39.fg,or_chain_39.fg.uai,or_chain_39.fg.uai.evid,or_chain_39.fg.uai.ord,15,104,163,31.02,1766,2.0,2,1766,2.31,3,0.26,0.19,38.73,,,,
or_chain_4.fg,or_chain_4.fg.uai,or_chain_4.fg.uai.evid,or_chain_4.fg.uai.ord,9,29,71,8.92,700,2.0,2,700,2.2,3,0.25,0.2,36.18,-12.205514,,-11.718918,
or_chain_40.fg,or_chain_40.fg.uai,or_chain_40.fg.uai.evid,or_chain_40.fg.uai.ord,11,50,87,14.78,999,2.0,2,999,2.22,3,0.25,0.2,36.43,-9.566039,,,
or_chain_41.fg,or_chain_41.fg.uai,or_chain_41.fg.uai.evid,or_chain_41.fg.uai.ord,16,112,163,33.43,1863,2.0,2,1863,2.33,3,0.26,0.18,39.23,,,,
or_chain_42.fg,or_chain_42.fg.uai,or_chain_42.fg.uai.evid,or_chain_42.fg.uai.ord,4,12,36,4.06,385,2.0,2,385,2.14,3,0.25,0.22,34.88,-4.535376,,-3.335642,
or_chain_43.fg,or_chain_43.fg.uai,or_chain_43.fg.uai.evid,or_chain_43.fg.uai.ord,21,113,168,33.72,1713,2.0,2,1713,2.26,3,0.25,0.19,37.56,,,,
or_chain_44.fg,or_chain_44.fg.uai,or_chain_44.fg.uai.evid,or_chain_44.fg.uai.ord,15,82,119,24.39,1148,2.0,2,1148,2.22,3,0.25,0.2,36.64,,,,
or_chain_45.fg,or_chain_45.fg.uai,or_chain_45.fg.uai.evid,or_chain_45.fg.uai.ord,5,13,42,4.09,715,2.0,2,715,2.03,3,0.2,0.19,31.68,-7.640807,,-6.975217,
or_chain_46.fg,or_chain_46.fg.uai,or_chain_46.fg.uai.evid,or_chain_46.fg.uai.ord,12,45,101,13.37,1214,2.0,2,1214,2.16,3,0.23,0.2,34.95,-8.457125,,,
or_chain_47.fg,or_chain_47.fg.uai,or_chain_47.fg.uai.evid,or_chain_47.fg.uai.ord,17,59,99,17.56,1048,2.0,2,1048,2.19,3,0.24,0.2,36.0,,,,
or_chain_48.fg,or_chain_48.fg.uai,or_chain_48.fg.uai.evid,or_chain_48.fg.uai.ord,5,24,64,7.18,841,2.0,2,841,2.13,3,0.23,0.21,34.34,-5.156746,,-4.785975,
or_chain_49.fg,or_chain_49.fg.uai,or_chain_49.fg.uai.evid,or_chain_49.fg.uai.ord,11,51,100,15.43,1029,2.0,2,1029,2.26,3,0.25,0.2,37.48,-10.404391,,,
or_chain_50.fg,or_chain_50.fg.uai,or_chain_50.fg.uai.evid,or_chain_50.fg.uai.ord,7,38,73,11.49,668,2.0,2,668,2.27,3,0.26,0.2,37.65,-6.882303,,,
or_chain_51.fg,or_chain_51.fg.uai,or_chain_51.fg.uai.evid,or_chain_51.fg.uai.ord,16,98,144,29.21,1470,2.0,2,1470,2.29,3,0.26,0.19,38.33,,,,
or_chain_52.fg,or_chain_52.fg.uai,or_chain_52.fg.uai.evid,or_chain_52.fg.uai.ord,13,56,105,16.96,1327,2.0,2,1327,2.18,3,0.24,0.2,35.45,,,,
or_chain_53.fg,or_chain_53.fg.uai,or_chain_53.fg.uai.evid,or_chain_53.fg.uai.ord,13,33,71,9.95,741,2.0,2,741,2.21,3,0.25,0.2,36.38,-9.539777,,-9.181809,
or_chain_54.fg,or_chain_54.fg.uai,or_chain_54.fg.uai.evid,or_chain_54.fg.uai.ord,15,104,151,31.01,1404,2.0,2,1404,2.29,3,0.26,0.19,38.17,,,,
or_chain_55.fg,or_chain_55.fg.uai,or_chain_55.fg.uai.evid,or_chain_55.fg.uai.ord,25,100,127,29.8,1358,2.0,2,1357,2.21,3,0.24,0.2,36.67,,,,
or_chain_56.fg,or_chain_56.fg.uai,or_chain_56.fg.uai.evid,or_chain_56.fg.uai.ord,11,45,100,13.65,1284,2.0,2,1284,2.15,3,0.23,0.2,34.64,-9.45111,,,
or_chain_57.fg,or_chain_57.fg.uai,or_chain_57.fg.uai.evid,or_chain_57.fg.uai.ord,14,52,94,15.47,1211,2.0,2,1211,2.14,3,0.22,0.19,34.51,-20.971523,,,
or_chain_58.fg,or_chain_58.fg.uai,or_chain_58.fg.uai.evid,or_chain_58.fg.uai.ord,13,53,104,15.67,1403,2.0,2,1403,2.23,3,0.24,0.2,36.63,-14.375577,,,
or_chain_59.fg,or_chain_59.fg.uai,or_chain_59.fg.uai.evid,or_chain_59.fg.uai.ord,16,97,131,28.9,1431,2.0,2,1431,2.19,3,0.24,0.19,35.66,,,,
or_chain_6.fg,or_chain_6.fg.uai,or_chain_6.fg.uai.evid,or_chain_6.fg.uai.ord,27,143,183,42.75,1876,2.0,2,1876,2.25,3,0.25,0.19,37.46,,,,
or_chain_60.fg,or_chain_60.fg.uai,or_chain_60.fg.uai.evid,or_chain_60.fg.uai.ord,26,157,204,46.96,2023,2.0,2,2023,2.3,3,0.26,0.19,38.67,,,,
or_chain_61.fg,or_chain_61.fg.uai,or_chain_61.fg.uai.evid,or_chain_61.fg.uai.ord,7,34,77,10.02,1028,2.0,2,1028,2.13,3,0.23,0.2,34.23,-8.65412,,-7.996985,
or_chain_62.fg,or_chain_62.fg.uai,or_chain_62.fg.uai.evid,or_chain_62.fg.uai.ord,9,21,74,6.26,916,2.0,2,916,2.07,3,0.2,0.19,32.63,-9.674254,,-9.4592,
or_chain_63.fg,or_chain_63.fg.uai,or_chain_63.fg.uai.evid,or_chain_63.fg.uai.ord,13,42,78,12.68,744,2.0,2,744,2.24,3,0.25,0.2,36.99,-10.432162,,,
or_chain_64.fg,or_chain_64.fg.uai,or_chain_64.fg.uai.evid,or_chain_64.fg.uai.ord,9,28,56,8.44,460,2.0,2,460,2.27,3,0.27,0.2,37.98,-9.289808,,-8.843435,
or_chain_65.fg,or_chain_65.fg.uai,or_chain_65.fg.uai.evid,or_chain_65.fg.uai.ord,8,24,47,7.0,374,2.0,2,374,2.28,3,0.28,0.21,38.49,-4.851556,,-4.672277,
or_chain_66.fg,or_chain_66.fg.uai,or_chain_66.fg.uai.evid,or_chain_66.fg.uai.ord,10,52,96,15.54,970,2.0,2,970,2.23,3,0.25,0.2,36.9,-11.992202,,,
or_chain_67.fg,or_chain_67.fg.uai,or_chain_67.fg.uai.evid,or_chain_67.fg.uai.ord,12,50,102,14.96,1315,2.0,2,1315,2.16,3,0.23,0.2,34.94,-13.039428,,,
or_chain_68.fg,or_chain_68.fg.uai,or_chain_68.fg.uai.evid,or_chain_68.fg.uai.ord,7,23,59,7.01,624,2.0,2,624,2.16,3,0.24,0.21,34.95,-4.571342,,-4.344643,
or_chain_69.fg,or_chain_69.fg.uai,or_chain_69.fg.uai.evid,or_chain_69.fg.uai.ord,13,48,92,14.34,989,2.0,2,989,2.18,3,0.24,0.2,35.57,-10.49828,,,
or_chain_7.fg,or_chain_7.fg.uai,or_chain_7.fg.uai.evid,or_chain_7.fg.uai.ord,28,84,117,25.08,1199,2.0,2,1199,2.2,3,0.24,0.2,36.38,,,,
or_chain_70.fg,or_chain_70.fg.uai,or_chain_70.fg.uai.evid,or_chain_70.fg.uai.ord,20,148,201,44.25,2133,2.0,2,2133,2.35,3,0.26,0.18,39.75,,,,
or_chain_72.fg,or_chain_72.fg.uai,or_chain_72.fg.uai.evid,or_chain_72.fg.uai.ord,6,20,50,6.18,546,2.0,2,546,2.14,3,0.24,0.21,34.61,-7.604338,,-7.060652,
or_chain_73.fg,or_chain_73.fg.uai,or_chain_73.fg.uai.evid,or_chain_73.fg.uai.ord,21,117,164,34.92,1664,2.0,2,1664,2.3,3,0.26,0.19,38.63,,,,
or_chain_74.fg,or_chain_74.fg.uai,or_chain_74.fg.uai.evid,or_chain_74.fg.uai.ord,3,12,38,4.17,473,2.0,2,473,2.14,3,0.25,0.22,34.78,-6.444581,,-5.580117,
or_chain_75.fg,or_chain_75.fg.uai,or_chain_75.fg.uai.evid,or_chain_75.fg.uai.ord,19,112,157,33.42,1968,2.0,2,1968,2.43,3,0.28,0.18,41.62,,,,
or_chain_76.fg,or_chain_76.fg.uai,or_chain_76.fg.uai.evid,or_chain_76.fg.uai.ord,10,37,70,10.88,752,2.0,2,752,2.24,3,0.26,0.2,37.13,-10.844023,,,
or_chain_77.fg,or_chain_77.fg.uai,or_chain_77.fg.uai.evid,or_chain_77.fg.uai.ord,17,40,76,12.04,1130,2.0,2,1130,2.14,3,0.23,0.2,34.74,-18.625946,,,
or_chain_78.fg,or_chain_78.fg.uai,or_chain_78.fg.uai.evid,or_chain_78.fg.uai.ord,9,35,68,10.45,624,2.0,2,624,2.25,3,0.26,0.2,37.51,-11.469786,,,
or_chain_79.fg,or_chain_79.fg.uai,or_chain_79.fg.uai.evid,or_chain_79.fg.uai.ord,28,121,166,36.13,1667,2.0,2,1667,2.27,3,0.25,0.19,37.98,,,,
or_chain_8.fg,or_chain_8.fg.uai,or_chain_8.fg.uai.evid,or_chain_8.fg.uai.ord,8,48,91,14.41,1203,2.0,2,1203,2.18,3,0.23,0.2,35.35,-7.28898,,,
or_chain_80.fg,or_chain_80.fg.uai,or_chain_80.fg.uai.evid,or_chain_80.fg.uai.ord,15,55,91,16.45,855,2.0,2,855,2.31,3,0.27,0.19,39.05,,,,
or_chain_81.fg,or_chain_81.fg.uai,or_chain_81.fg.uai.evid,or_chain_81.fg.uai.ord,10,61,104,18.25,1374,2.0,2,1374,2.19,3,0.24,0.2,35.68,,,,
or_chain_82.fg,or_chain_82.fg.uai,or_chain_82.fg.uai.evid,or_chain_82.fg.uai.ord,14,36,83,10.94,819,2.0,2,819,2.21,3,0.25,0.2,36.46,-9.17214,,,
or_chain_83.fg,or_chain_83.fg.uai,or_chain_83.fg.uai.evid,or_chain_83.fg.uai.ord,17,99,139,29.5,1227,2.0,2,1227,2.28,3,0.26,0.19,38.07,,,,
or_chain_85.fg,or_chain_85.fg.uai,or_chain_85.fg.uai.evid,or_chain_85.fg.uai.ord,3,10,50,3.43,400,2.0,2,400,2.07,3,0.22,0.21,32.5,-2.670296,,-2.494735,
or_chain_86.fg,or_chain_86.fg.uai,or_chain_86.fg.uai.evid,or_chain_86.fg.uai.ord,18,42,80,12.56,892,2.0,2,892,2.17,3,0.24,0.2,35.61,-24.382151,,,
or_chain_87.fg,or_chain_87.fg.uai,or_chain_87.fg.uai.evid,or_chain_87.fg.uai.ord,17,97,144,28.91,1274,2.0,2,1274,2.29,3,0.26,0.19,38.14,,,,
or_chain_88.fg,or_chain_88.fg.uai,or_chain_88.fg.uai.evid,or_chain_88.fg.uai.ord,10,37,73,11.14,1153,2.0,2,1153,2.15,3,0.23,0.2,34.62,-11.471247,,,
or_chain_89.fg,or_chain_89.fg.uai,or_chain_89.fg.uai.evid,or_chain_89.fg.uai.ord,14,46,78,13.72,1174,2.0,2,1174,2.21,3,0.23,0.19,36.16,-14.028949,,,
or_chain_9.fg,or_chain_9.fg.uai,or_chain_9.fg.uai.evid,or_chain_9.fg.uai.ord,15,97,127,28.9,1170,2.0,2,1170,2.24,3,0.25,0.2,37.11,,,,
or_chain_90.fg,or_chain_90.fg.uai,or_chain_90.fg.uai.evid,or_chain_90.fg.uai.ord,9,28,57,8.35,512,2.0,2,512,2.27,3,0.27,0.2,38.02,-10.149135,,-8.546281,
or_chain_91.fg,or_chain_91.fg.uai,or_chain_91.fg.uai.evid,or_chain_91.fg.uai.ord,9,20,53,6.05,674,2.0,2,674,2.07,3,0.21,0.2,32.48,-12.340195,,-11.315051,
or_chain_92.fg,or_chain_92.fg.uai,or_chain_92.fg.uai.evid,or_chain_92.fg.uai.ord,7,38,76,11.33,917,2.0,2,917,2.18,3,0.24,0.2,35.45,-6.701397,,,
or_chain_93.fg,or_chain_93.fg.uai,or_chain_93.fg.uai.evid,or_chain_93.fg.uai.ord,6,25,59,7.48,567,2.0,2,567,2.2,3,0.25,0.21,36.17,-9.109658,,-8.717624,
or_chain_94.fg,or_chain_94.fg.uai,or_chain_94.fg.uai.evid,or_chain_94.fg.uai.ord,8,36,78,10.94,770,2.0,2,770,2.26,3,0.26,0.2,37.43,-8.37228,,,
or_chain_95.fg,or_chain_95.fg.uai,or_chain_95.fg.uai.evid,or_chain_95.fg.uai.ord,26,124,174,37.12,1561,2.0,2,1561,2.28,3,0.26,0.19,38.28,,,,
or_chain_96.fg,or_chain_96.fg.uai,or_chain_96.fg.uai.evid,or_chain_96.fg.uai.ord,10,46,89,13.74,719,2.0,2,719,2.28,3,0.26,0.2,38.16,-14.880881,,,
or_chain_97.fg,or_chain_97.fg.uai,or_chain_97.fg.uai.evid,or_chain_97.fg.uai.ord,13,57,106,16.94,1142,2.0,2,1142,2.26,3,0.26,0.2,37.56,,,,
or_chain_98.fg,or_chain_98.fg.uai,or_chain_98.fg.uai.evid,or_chain_98.fg.uai.ord,11,50,99,15.01,1213,2.0,2,1213,2.21,3,0.24,0.2,36.19,-9.870978,,,
or_chain_99.fg,or_chain_99.fg.uai,or_chain_99.fg.uai.evid,or_chain_99.fg.uai.ord,23,148,201,44.25,1953,2.0,2,1953,2.32,3,0.26,0.19,39.08,,,,
